<Ui xmlns="http://www.blizzard.com/wow/ui/">
	<Script file="libs\LibStub\LibStub.lua"/>
	<Include file="libs\CallbackHandler-1.0\CallbackHandler-1.0.xml"/>
	<Include file="libs\AceAddon-3.0\AceAddon-3.0.xml"/>
	<Include file="libs\AceEvent-3.0\AceEvent-3.0.xml"/>
	<Include file="libs\AceConsole-3.0\AceConsole-3.0.xml"/>
	<Include file="libs\AceLocale-3.0\AceLocale-3.0.xml"/>
	<Include file="libs\AceDB-3.0\AceDB-3.0.xml"/>
	<Include file="libs\LibKeyBound-1.0\lib.xml"/>
	<Script file="libs\LibDataBroker-1.1\LibDataBroker-1.1.lua"/>
	<Include file="libs\LibDBIcon-1.0\lib.xml"/>
	<Include file="libs\LibSharedMedia-3.0\lib.xml"/>
	<Script file="libs\LibFlyPaper-1.0\LibFlyPaper-1.0.lua"/>
</Ui>
