<Ui xmlns="http://www.blizzard.com/wow/ui/">
	<Script file="localization\localization.lua"/>
	<Script file="localization\localization.fr.lua"/>
	<Script file="localization\localization.cn.lua"/>
	<Script file="localization\localization.tw.lua"/>
	<Script file="localization\localization.ko.lua"/>
	<Script file="localization\localization.ru.lua"/>
	<Script file="localization\localization.de.lua"/>
	<Script file="localization\localization.es.lua"/>
	<Script file="localization\localization.it.lua"/>
</Ui>
